,genetic_cost,genetic_duration
0,161.0,0.314159631729126
1,161.0,0.5086400508880615
2,161.0,0.5635223388671875
3,161.0,0.5192387104034424
4,161.0,0.6853551864624023
5,161.0,0.6822452545166016
6,161.0,0.5744738578796387
7,161.0,0.6546096801757812
8,161.0,0.6722414493560791
9,161.0,0.5486853122711182
